outcome,term,estimate,p
FFD,entropy,0.021010699329739105,0.6170069721348477
FFD,curvature,-9.036478935351889e-05,0.6170069721348619
FFD,coherence,0.03397339063118021,0.6170069721348117
GD,entropy,0.0,
GD,curvature,0.0,
GD,coherence,0.0,
