term,coef,se,t,p,response
Intercept,0.002446286162810707,0.06742427427542601,0.03628197988187023,0.9710579600569874,FFD
entropy,0.01927605724052971,0.01120298967308858,1.7206172462011604,0.08533916566381154,FFD
curvature,-9.444497081468903e-05,6.33758872373765e-05,-1.4902350867443046,0.13618166626438685,FFD
coherence,-0.0036554448066860395,0.07850165580957555,-0.04656519367633711,0.9628603403552745,FFD
Intercept,0.0,0.0,,,GD
entropy,0.0,0.0,,,GD
curvature,0.0,0.0,,,GD
coherence,0.0,0.0,,,GD
