model,term,p,q
ols,Intercept,0.0001,0.00030000000000000003
ols,kec,0.0324,0.0486
mixedlm,kec,0.045,0.045000000000000005
